Operating Airline,Year,Total Passengers,Top Region
ABC Aerolineas S.A. de C.V. dba Interjet,2018,54694,Mexico
ABC Aerolineas S.A. de C.V. dba Interjet,2019,120633,Mexico
ABC Aerolineas S.A. de C.V. dba Interjet,2020,20052,Mexico
ATA Airlines,1999,290215,US
ATA Airlines,2000,596685,US
ATA Airlines,2001,646086,US
ATA Airlines,2002,631688,US
ATA Airlines,2003,873622,US
ATA Airlines,2004,944074,US
ATA Airlines,2005,545705,US
ATA Airlines,2006,105796,US
ATA Airlines,2007,1362,US
ATA Airlines,2008,66,US
"Aer Lingus, Ltd.",2007,14709,Europe
"Aer Lingus, Ltd.",2008,104897,Europe
"Aer Lingus, Ltd.",2009,65033,Europe
"Aer Lingus, Ltd.",2014,86838,Europe
"Aer Lingus, Ltd.",2015,134582,Europe
"Aer Lingus, Ltd.",2016,142382,Europe
"Aer Lingus, Ltd.",2017,153383,Europe
"Aer Lingus, Ltd.",2018,165741,Europe
"Aer Lingus, Ltd.",2019,179430,Europe
"Aer Lingus, Ltd.",2020,29871,Europe
"Aer Lingus, Ltd.",2021,5716,Europe
"Aer Lingus, Ltd.",2022,144818,Europe
"Aer Lingus, Ltd.",2023,152931,Europe
Aeroflot Russian International Airlines,1999,10728,Europe
Aeroflot Russian International Airlines,2000,21508,Europe
Aeroflot Russian International Airlines,2001,27126,Europe
Aeroflot Russian International Airlines,2002,27260,Europe
Aeroflot Russian International Airlines,2003,26552,Europe
Aeroflot Russian International Airlines,2004,4319,Europe
Aeromexico,2007,524,Mexico
Aeromexico,2009,60533,Mexico
Aeromexico,2010,77648,Mexico
Aeromexico,2011,80171,Mexico
Aeromexico,2012,74552,Mexico
Aeromexico,2013,118783,Mexico
Aeromexico,2014,243923,Mexico
Aeromexico,2015,263919,Mexico
Aeromexico,2016,277196,Mexico
Aeromexico,2017,326365,Mexico
Aeromexico,2018,301874,Mexico
Aeromexico,2019,339192,Mexico
Aeromexico,2020,94802,Mexico
Aeromexico,2021,201842,Mexico
Aeromexico,2022,322972,Mexico
Aeromexico,2023,259536,Mexico
Air 2000,2002,160,Europe
Air 2000,2003,132,Europe
Air Atlanta Icelandic,2004,892,Europe
Air Berlin,2010,24119,Europe
Air Berlin,2011,29205,Europe
Air Berlin,2012,30223,Europe
Air Berlin,2016,52484,Europe
Air Berlin,2017,99124,Europe
Air Canada,1999,258741,Canada
Air Canada,2000,486773,Canada
Air Canada,2001,563909,Canada
Air Canada,2002,547264,Canada
Air Canada,2003,482245,Canada
Air Canada,2004,525653,Canada
Air Canada,2005,561422,Canada
Air Canada,2006,603478,Canada
Air Canada,2007,625235,Canada
Air Canada,2008,559857,Canada
Air Canada,2009,545460,Canada
Air Canada,2010,561517,Canada
Air Canada,2011,579553,Canada
Air Canada,2012,561874,Canada
Air Canada,2013,613528,Canada
Air Canada,2014,731007,Canada
Air Canada,2015,827660,Canada
Air Canada,2016,892548,Canada
Air Canada,2017,928932,Canada
Air Canada,2018,993668,Canada
Air Canada,2019,922414,Canada
Air Canada,2020,160907,Canada
Air Canada,2021,200093,Canada
Air Canada,2022,801555,Canada
Air Canada,2023,847588,Canada
Air Canada Jazz,2005,1063,Canada
Air Canada Jazz,2006,3056,Canada
Air China,1999,48063,Asia
Air China,2000,104852,Asia
Air China,2001,107727,Asia
Air China,2002,119022,Asia
Air China,2003,81923,Asia
Air China,2004,124784,Asia
Air China,2005,104389,Asia
Air China,2006,117464,Asia
Air China,2007,156195,Asia
Air China,2008,147013,Asia
Air China,2009,122027,Asia
Air China,2010,157161,Asia
Air China,2011,169458,Asia
Air China,2012,171633,Asia
Air China,2013,189905,Asia
Air China,2014,184737,Asia
Air China,2015,196393,Asia
Air China,2016,249193,Asia
Air China,2017,235938,Asia
Air China,2018,223476,Asia
Air China,2019,257998,Asia
Air China,2020,22533,Asia
Air China,2023,4762,Asia
Air Europe,1999,1210,Europe
Air France,1999,94369,Europe
Air France,2000,194523,Europe
Air France,2001,194176,Europe
Air France,2002,188020,Europe
Air France,2003,183830,Europe
Air France,2004,194600,Europe
Air France,2005,225119,Europe
Air France,2006,235893,Europe
Air France,2007,231093,Europe
Air France,2008,242174,Europe
Air France,2009,245882,Europe
Air France,2010,259807,Europe
Air France,2011,297633,Europe
Air France,2012,321072,Europe
Air France,2013,320853,Europe
Air France,2014,316303,Europe
Air France,2015,345660,Europe
Air France,2016,356800,Europe
Air France,2017,352263,Europe
Air France,2018,343129,Europe
Air France,2019,359462,Europe
Air France,2020,49314,Europe
Air France,2021,86970,Europe
Air France,2022,315715,Europe
Air France,2023,258067,Europe
Air India Limited,2015,5832,Asia
Air India Limited,2016,73799,Asia
Air India Limited,2017,131047,Asia
Air India Limited,2018,171531,Asia
Air India Limited,2019,194040,Asia
Air India Limited,2020,105997,Asia
Air India Limited,2021,120353,Asia
Air India Limited,2022,221831,Asia
Air India Limited,2023,348558,Asia
Air Italy S.P.A,2019,36267,Europe
Air New Zealand,2004,50826,Australia / Oceania
Air New Zealand,2005,105766,Australia / Oceania
Air New Zealand,2006,157560,Australia / Oceania
Air New Zealand,2007,181811,Australia / Oceania
Air New Zealand,2008,177389,Australia / Oceania
Air New Zealand,2009,141420,Australia / Oceania
Air New Zealand,2010,140290,Australia / Oceania
Air New Zealand,2011,171816,Australia / Oceania
Air New Zealand,2012,184807,Australia / Oceania
Air New Zealand,2013,211493,Australia / Oceania
Air New Zealand,2014,220947,Australia / Oceania
Air New Zealand,2015,226865,Australia / Oceania
Air New Zealand,2016,205060,Australia / Oceania
Air New Zealand,2017,200297,Australia / Oceania
Air New Zealand,2018,204432,Australia / Oceania
Air New Zealand,2019,163058,Australia / Oceania
Air New Zealand,2020,42472,Australia / Oceania
Air New Zealand,2021,478,Australia / Oceania
Air New Zealand,2022,64255,Australia / Oceania
Air New Zealand,2023,117339,Australia / Oceania
Air Pacific Limited dba Fiji Airways,2016,13726,Australia / Oceania
Air Pacific Limited dba Fiji Airways,2017,32854,Australia / Oceania
Air Pacific Limited dba Fiji Airways,2018,48723,Australia / Oceania
Air Pacific Limited dba Fiji Airways,2019,65689,Australia / Oceania
Air Pacific Limited dba Fiji Airways,2020,10483,Australia / Oceania
Air Pacific Limited dba Fiji Airways,2021,5803,Australia / Oceania
Air Pacific Limited dba Fiji Airways,2022,69489,Australia / Oceania
Air Pacific Limited dba Fiji Airways,2023,80923,Australia / Oceania
Air Transat,2022,12037,Canada
Air Transat,2023,15395,Canada
Air Wisconsin,2002,1513,US
Air Wisconsin,2003,15843,US
AirTran Airways,2003,11291,US
AirTran Airways,2004,126064,US
AirTran Airways,2005,149747,US
AirTran Airways,2006,190276,US
AirTran Airways,2007,227201,US
AirTran Airways,2008,229969,US
AirTran Airways,2009,276491,US
AirTran Airways,2010,351976,US
AirTran Airways,2011,419372,US
AirTran Airways,2012,352488,US
AirTran Airways,2013,182379,US
AirTran Airways,2014,75870,US
Alaska Airlines,1999,690933,Canada
Alaska Airlines,2000,1258761,Canada
Alaska Airlines,2001,1239381,Canada
Alaska Airlines,2002,1205378,Canada
Alaska Airlines,2003,1145784,Canada
Alaska Airlines,2004,1169711,Canada
Alaska Airlines,2005,1270866,Mexico
Alaska Airlines,2006,1300877,Mexico
Alaska Airlines,2007,1504136,Canada
Alaska Airlines,2008,1353714,Mexico
Alaska Airlines,2009,995076,Mexico
Alaska Airlines,2010,912657,Mexico
Alaska Airlines,2011,982644,Mexico
Alaska Airlines,2012,987962,US
Alaska Airlines,2013,1137759,US
Alaska Airlines,2014,1319750,US
Alaska Airlines,2015,1473373,Mexico
Alaska Airlines,2016,1513244,Mexico
Alaska Airlines,2017,1631098,US
Alaska Airlines,2018,5014096,US
Alaska Airlines,2019,5893961,US
Alaska Airlines,2020,1260133,US
Alaska Airlines,2021,1578123,Mexico
Alaska Airlines,2022,3686795,Mexico
Alaska Airlines,2023,3644659,Mexico
Alitalia Airlines,1999,52258,Europe
Alitalia Airlines,2000,116063,Europe
Alitalia Airlines,2001,85963,Europe
"All Nippon Company Airways, Ltd.",1999,52728,Asia
"All Nippon Company Airways, Ltd.",2000,116015,Asia
"All Nippon Company Airways, Ltd.",2001,78059,Asia
"All Nippon Company Airways, Ltd.",2002,130871,Asia
"All Nippon Company Airways, Ltd.",2003,131268,Asia
"All Nippon Company Airways, Ltd.",2004,142306,Asia
"All Nippon Company Airways, Ltd.",2005,138703,Asia
"All Nippon Company Airways, Ltd.",2006,144313,Asia
"All Nippon Company Airways, Ltd.",2007,148832,Asia
"All Nippon Company Airways, Ltd.",2008,142292,Asia
"All Nippon Company Airways, Ltd.",2009,142199,Asia
"All Nippon Company Airways, Ltd.",2010,154227,Asia
"All Nippon Company Airways, Ltd.",2011,149015,Asia
"All Nippon Company Airways, Ltd.",2012,170039,Asia
"All Nippon Company Airways, Ltd.",2013,158918,Asia
"All Nippon Company Airways, Ltd.",2014,160620,Asia
"All Nippon Company Airways, Ltd.",2015,166356,Asia
"All Nippon Company Airways, Ltd.",2016,166754,Asia
"All Nippon Company Airways, Ltd.",2017,164567,Asia
"All Nippon Company Airways, Ltd.",2018,160115,Asia
"All Nippon Company Airways, Ltd.",2019,158248,Asia
"All Nippon Company Airways, Ltd.",2020,42013,Asia
"All Nippon Company Airways, Ltd.",2021,28961,Asia
"All Nippon Company Airways, Ltd.",2022,164934,Asia
"All Nippon Company Airways, Ltd.",2023,242260,Asia
Allegiant Air,2000,90,US
Allegiant Air,2002,237,US
Allegiant Air,2005,95,Canada
Allegiant Air,2008,21892,US
Allegiant Air,2009,2377,US
Allegro Airlines,2000,39774,Mexico
Allegro Airlines,2001,59564,Mexico
American Airlines,1999,1466615,US
American Airlines,2000,3206713,US
American Airlines,2001,2561331,US
American Airlines,2002,2734976,US
American Airlines,2003,2507900,US
American Airlines,2004,2815058,US
American Airlines,2005,3228012,US
American Airlines,2006,3302046,US
American Airlines,2007,3446573,US
American Airlines,2008,3337073,US
American Airlines,2009,3237381,US
American Airlines,2010,3222254,US
American Airlines,2011,3083430,US
American Airlines,2012,3086993,US
American Airlines,2013,2983840,US
American Airlines,2014,2924657,US
American Airlines,2015,3238472,US
American Airlines,2016,4396696,US
American Airlines,2017,3763394,US
American Airlines,2018,3899614,US
American Airlines,2019,3918421,US
American Airlines,2020,1384010,US
American Airlines,2021,2326420,US
American Airlines,2022,2666314,US
American Airlines,2023,2825360,US
American Eagle Airlines,2002,52211,US
American Eagle Airlines,2003,88412,US
American Eagle Airlines,2004,113108,US
American Eagle Airlines,2005,115918,US
American Eagle Airlines,2006,97745,US
American Eagle Airlines,2007,96166,US
American Eagle Airlines,2008,88208,US
American Eagle Airlines,2009,86634,US
Ameriflight,2006,43,US
Ameriflight,2007,46,US
Ameriflight,2008,21,US
Asiana Airlines,1999,46413,Asia
Asiana Airlines,2000,94726,Asia
Asiana Airlines,2001,83812,Asia
Asiana Airlines,2002,101714,Asia
Asiana Airlines,2003,96407,Asia
Asiana Airlines,2004,109625,Asia
Asiana Airlines,2005,113078,Asia
Asiana Airlines,2006,106370,Asia
Asiana Airlines,2007,106507,Asia
Asiana Airlines,2008,108992,Asia
Asiana Airlines,2009,107841,Asia
Asiana Airlines,2010,110507,Asia
Asiana Airlines,2011,153285,Asia
Asiana Airlines,2012,184701,Asia
Asiana Airlines,2013,176396,Asia
Asiana Airlines,2014,183272,Asia
Asiana Airlines,2015,184275,Asia
Asiana Airlines,2016,188514,Asia
Asiana Airlines,2017,188414,Asia
Asiana Airlines,2018,198270,Asia
Asiana Airlines,2019,193476,Asia
Asiana Airlines,2020,50351,Asia
Asiana Airlines,2021,31630,Asia
Asiana Airlines,2022,132967,Asia
Asiana Airlines,2023,192671,Asia
Atlantic Southeast Airlines,2005,20085,US
Atlantic Southeast Airlines,2006,12628,US
Atlantic Southeast Airlines,2007,28933,US
"Atlas Air, Inc",2013,68,US
BelAir Airlines,2004,2926,Europe
BelAir Airlines,2005,2627,Europe
BelAir Airlines,2006,2605,Europe
BelAir Airlines,2008,4136,Europe
Boeing Company,2005,18,US
"Breeze Aviation Group, Inc.",2022,66488,US
"Breeze Aviation Group, Inc.",2023,136530,US
British Airways,1999,221924,Europe
British Airways,2000,423321,Europe
British Airways,2001,308316,Europe
British Airways,2002,344717,Europe
British Airways,2003,408248,Europe
British Airways,2004,420355,Europe
British Airways,2005,428679,Europe
British Airways,2006,433421,Europe
British Airways,2007,429430,Europe
British Airways,2008,414492,Europe
British Airways,2009,398566,Europe
British Airways,2010,377131,Europe
British Airways,2011,420219,Europe
British Airways,2012,419738,Europe
British Airways,2013,425354,Europe
British Airways,2014,423236,Europe
British Airways,2015,472375,Europe
British Airways,2016,456741,Europe
British Airways,2017,445581,Europe
British Airways,2018,443355,Europe
British Airways,2019,437051,Europe
British Airways,2020,87299,Europe
British Airways,2021,92418,Europe
British Airways,2022,354971,Europe
British Airways,2023,394086,Europe
"COPA Airlines, Inc.",2015,24925,Central America
"COPA Airlines, Inc.",2016,110895,Central America
"COPA Airlines, Inc.",2017,168476,Central America
"COPA Airlines, Inc.",2018,218826,Central America
"COPA Airlines, Inc.",2019,186505,Central America
"COPA Airlines, Inc.",2020,43618,Central America
"COPA Airlines, Inc.",2021,23769,Central America
"COPA Airlines, Inc.",2022,113040,Central America
"COPA Airlines, Inc.",2023,102246,Central America
Canadian Airlines,1999,56349,Canada
Canadian Airlines,2000,160990,Canada
Canadian Airlines,2001,48610,Canada
Casino Express,2004,63,US
Cathay Pacific,1999,72966,Asia
Cathay Pacific,2000,160737,Asia
Cathay Pacific,2001,141220,Asia
Cathay Pacific,2002,193020,Asia
Cathay Pacific,2003,194465,Asia
Cathay Pacific,2004,250167,Asia
Cathay Pacific,2005,247898,Asia
Cathay Pacific,2006,251407,Asia
Cathay Pacific,2007,293401,Asia
Cathay Pacific,2008,462437,Asia
Cathay Pacific,2009,458512,Asia
Cathay Pacific,2010,491266,Asia
Cathay Pacific,2011,477709,Asia
Cathay Pacific,2012,455994,Asia
Cathay Pacific,2013,423061,Asia
Cathay Pacific,2014,416620,Asia
Cathay Pacific,2015,449950,Asia
Cathay Pacific,2016,485559,Asia
Cathay Pacific,2017,489984,Asia
Cathay Pacific,2018,536307,Asia
Cathay Pacific,2019,529929,Asia
Cathay Pacific,2020,80311,Asia
Cathay Pacific,2021,23060,Asia
Cathay Pacific,2022,56755,Asia
Cathay Pacific,2023,195367,Asia
Champion Air,1999,5734,US
Champion Air,2000,282,US
China Airlines,1999,85812,Asia
China Airlines,2000,205555,Asia
China Airlines,2001,201100,Asia
China Airlines,2002,219431,Asia
China Airlines,2003,197337,Asia
China Airlines,2004,245440,Asia
China Airlines,2005,255948,Asia
China Airlines,2006,254284,Asia
China Airlines,2007,251242,Asia
China Airlines,2008,232495,Asia
China Airlines,2009,239161,Asia
China Airlines,2010,236176,Asia
China Airlines,2011,222700,Asia
China Airlines,2012,227343,Asia
China Airlines,2013,229500,Asia
China Airlines,2014,234860,Asia
China Airlines,2015,229955,Asia
China Airlines,2016,234029,Asia
China Airlines,2017,253082,Asia
China Airlines,2018,238190,Asia
China Airlines,2019,226404,Asia
China Airlines,2020,48039,Asia
China Airlines,2021,7019,Asia
China Airlines,2022,68933,Asia
China Airlines,2023,223945,Asia
China Eastern,2013,91357,Asia
China Eastern,2014,131780,Asia
China Eastern,2015,135224,Asia
China Eastern,2016,171549,Asia
China Eastern,2017,218009,Asia
China Eastern,2018,239391,Asia
China Eastern,2019,238138,Asia
China Eastern,2020,23993,Asia
China Eastern,2023,4518,Asia
"China Eastern Airlines, Inc",1999,20090,Asia
"China Eastern Airlines, Inc",2000,5717,Asia
China Southern,2014,2729,Asia
China Southern,2015,100178,Asia
China Southern,2016,146119,Asia
China Southern,2017,194402,Asia
China Southern,2018,213353,Asia
China Southern,2019,219079,Asia
China Southern,2020,23795,Asia
China Southern,2023,2556,Asia
Comair,2004,18612,US
Comair,2005,2522,US
Compass Airlines,2013,215895,US
Compass Airlines,2014,875719,US
Compass Airlines,2015,840554,US
Compass Airlines,2016,541872,US
Compass Airlines,2017,667338,US
Compass Airlines,2018,592666,US
Compass Airlines,2019,294752,US
Compass Airlines,2020,34724,US
Condor Flugdienst GmbH,2022,24257,Europe
Condor Flugdienst GmbH,2023,60907,Europe
Corsairfly,2002,26458,Europe
DB Air,2003,99,US
DB Air,2004,54,US
Delta Air Lines,1999,1202145,US
Delta Air Lines,2000,2341021,US
Delta Air Lines,2001,1719088,US
Delta Air Lines,2002,1582676,US
Delta Air Lines,2003,1514466,US
Delta Air Lines,2004,1776276,US
Delta Air Lines,2005,1851245,US
Delta Air Lines,2006,1694670,US
Delta Air Lines,2007,1699216,US
Delta Air Lines,2008,1560673,US
Delta Air Lines,2009,1585205,US
Delta Air Lines,2010,2986281,US
Delta Air Lines,2011,2911954,Asia
Delta Air Lines,2012,2942471,Asia
Delta Air Lines,2013,2905729,Asia
Delta Air Lines,2014,2983327,US
Delta Air Lines,2015,3362217,US
Delta Air Lines,2016,3749816,US
Delta Air Lines,2017,3602617,US
Delta Air Lines,2018,4114808,US
Delta Air Lines,2019,4431211,US
Delta Air Lines,2020,1231738,US
Delta Air Lines,2021,2136651,US
Delta Air Lines,2022,3124132,US
Delta Air Lines,2023,3587759,US
EVA Airways,1999,111731,Asia
EVA Airways,2000,233133,Asia
EVA Airways,2001,214453,Asia
EVA Airways,2002,244984,Asia
EVA Airways,2003,211784,Asia
EVA Airways,2004,244052,Asia
EVA Airways,2005,267446,Asia
EVA Airways,2006,297488,Asia
EVA Airways,2007,318927,Asia
EVA Airways,2008,297655,Asia
EVA Airways,2009,283408,Asia
EVA Airways,2010,290835,Asia
EVA Airways,2011,277275,Asia
EVA Airways,2012,300260,Asia
EVA Airways,2013,319702,Asia
EVA Airways,2014,360680,Asia
EVA Airways,2015,395624,Asia
EVA Airways,2016,409592,Asia
EVA Airways,2017,428484,Asia
EVA Airways,2018,559512,Asia
EVA Airways,2019,567890,Asia
EVA Airways,2020,129085,Asia
EVA Airways,2021,31165,Asia
EVA Airways,2022,129962,Asia
EVA Airways,2023,541117,Asia
El Al Israel Airlines LTD.,2019,36022,Middle East
El Al Israel Airlines LTD.,2020,8212,Middle East
Emirates,2008,2913,Middle East
Emirates,2009,138534,Middle East
Emirates,2010,211814,Middle East
Emirates,2011,216358,Middle East
Emirates,2012,226735,Middle East
Emirates,2013,223274,Middle East
Emirates,2014,240537,Middle East
Emirates,2015,298613,Middle East
Emirates,2016,299389,Middle East
Emirates,2017,285216,Middle East
Emirates,2018,315145,Middle East
Emirates,2019,317696,Middle East
Emirates,2020,62969,Middle East
Emirates,2021,84577,Middle East
Emirates,2022,269505,Middle East
Emirates,2023,254167,Middle East
Etihad Airways,2014,18915,Middle East
Etihad Airways,2015,162631,Middle East
Etihad Airways,2016,152049,Middle East
Etihad Airways,2017,61999,Middle East
Evergreen International Airlines,2006,4,Asia
ExpressJet Airlines,2007,87602,US
ExpressJet Airlines,2008,92617,US
Finnair,1999,18850,Europe
Finnair,2017,24269,Europe
Finnair,2018,38071,Europe
Finnair,2019,54407,Europe
"Flair Airlines, Ltd.",2022,36626,Canada
"Flair Airlines, Ltd.",2023,75771,Canada
French Bee,2018,88272,Europe
French Bee,2019,134331,Europe
French Bee,2020,20778,Europe
French Bee,2021,15141,Australia / Oceania
French Bee,2022,132029,Australia / Oceania
French Bee,2023,151245,Australia / Oceania
Frontier Airlines,1999,92045,US
Frontier Airlines,2000,226225,US
Frontier Airlines,2001,212975,US
Frontier Airlines,2002,224982,US
Frontier Airlines,2003,258586,US
Frontier Airlines,2004,277849,US
Frontier Airlines,2005,336994,US
Frontier Airlines,2006,431631,US
Frontier Airlines,2007,525366,US
Frontier Airlines,2008,364592,US
Frontier Airlines,2009,320604,US
Frontier Airlines,2010,378570,US
Frontier Airlines,2011,453879,US
Frontier Airlines,2012,433890,US
Frontier Airlines,2013,377488,US
Frontier Airlines,2014,421428,US
Frontier Airlines,2015,583777,US
Frontier Airlines,2016,732493,US
Frontier Airlines,2017,562935,US
Frontier Airlines,2018,328721,US
Frontier Airlines,2019,476731,US
Frontier Airlines,2020,234658,US
Frontier Airlines,2021,475781,US
Frontier Airlines,2022,708320,US
Frontier Airlines,2023,1041392,US
Harmony Airways,2004,170,Canada
Hawaiian Airlines,1999,98538,US
Hawaiian Airlines,2000,276377,US
Hawaiian Airlines,2001,207459,US
Hawaiian Airlines,2002,209362,US
Hawaiian Airlines,2003,161200,US
Hawaiian Airlines,2004,173438,US
Hawaiian Airlines,2005,173435,US
Hawaiian Airlines,2006,171071,US
Hawaiian Airlines,2007,172502,US
Hawaiian Airlines,2008,170505,US
Hawaiian Airlines,2009,174259,US
Hawaiian Airlines,2010,176053,US
Hawaiian Airlines,2011,177283,US
Hawaiian Airlines,2012,193163,US
Hawaiian Airlines,2013,198902,US
Hawaiian Airlines,2014,202010,US
Hawaiian Airlines,2015,329461,US
Hawaiian Airlines,2016,378076,US
Hawaiian Airlines,2017,371240,US
Hawaiian Airlines,2018,383056,US
Hawaiian Airlines,2019,366156,US
Hawaiian Airlines,2020,129258,US
Hawaiian Airlines,2021,249523,US
Hawaiian Airlines,2022,326401,US
Hawaiian Airlines,2023,253260,US
Hong Kong Airlines Limited,2018,89993,Asia
Hong Kong Airlines Limited,2019,86997,Asia
Horizon Air,2002,12898,US
Horizon Air,2003,87927,US
Horizon Air,2004,102369,US
Horizon Air,2005,106466,US
Horizon Air,2006,105693,US
Horizon Air,2007,101109,US
Horizon Air,2008,98570,US
Horizon Air,2009,169991,US
Horizon Air,2010,211767,US
Horizon Air,2011,143565,US
Horizon Air,2012,138394,US
Horizon Air,2013,126968,US
Horizon Air,2014,52319,US
Horizon Air,2017,36996,US
Horizon Air,2018,169493,US
Horizon Air,2019,324901,US
Horizon Air,2020,163735,US
Horizon Air,2021,404166,US
Horizon Air,2022,264457,US
Horizon Air,2023,312969,US
ITA Airways,2023,37536,Europe
Iberia,2018,43043,Europe
Iberia,2019,102168,Europe
Iberia,2020,10193,Europe
Iberia,2021,10954,Europe
Iberia,2022,82417,Europe
Iberia,2023,98284,Europe
Icelandair (Inactive),2003,492,Europe
Icelandair (Inactive),2005,34078,Europe
Icelandair (Inactive),2006,32610,Europe
Icelandair EHF,2018,47880,Europe
Icelandair EHF,2019,69829,Europe
Icelandair EHF,2020,563,Europe
Independence Air,2005,94182,US
Japan Airlines,1999,102733,Asia
Japan Airlines,2000,209809,Asia
Japan Airlines,2001,196448,Asia
Japan Airlines,2002,206740,Asia
Japan Airlines,2003,189211,Asia
Japan Airlines,2004,196522,Asia
Japan Airlines,2005,193396,Asia
Japan Airlines,2006,195831,Asia
Japan Airlines,2007,204424,Asia
Japan Airlines,2008,174716,Asia
Japan Airlines,2009,149974,Asia
Japan Airlines,2010,150901,Asia
Japan Airlines,2011,128488,Asia
Japan Airlines,2012,141681,Asia
Japan Airlines,2013,130802,Asia
Japan Airlines,2014,115101,Asia
Japan Airlines,2015,149462,Asia
Japan Airlines,2016,148249,Asia
Japan Airlines,2017,147483,Asia
Japan Airlines,2018,151598,Asia
Japan Airlines,2019,154747,Asia
Japan Airlines,2020,34446,Asia
Japan Airlines,2021,32142,Asia
Japan Airlines,2022,131163,Asia
Japan Airlines,2023,218297,Asia
Jazz Aviation,2016,26570,Canada
Jazz Aviation,2017,74972,Canada
Jazz Aviation,2018,147030,Canada
Jazz Aviation,2019,200900,Canada
Jazz Aviation,2020,39056,Canada
Jazz Aviation,2021,52730,Canada
Jazz Aviation,2022,98665,Canada
Jazz Aviation,2023,96411,Canada
Jet Airways,2008,64923,Asia
Jet Airways,2009,3562,Asia
JetBlue Airways,2007,316208,US
JetBlue Airways,2008,427014,US
JetBlue Airways,2009,451540,US
JetBlue Airways,2010,814132,US
JetBlue Airways,2011,850308,US
JetBlue Airways,2012,1040335,US
JetBlue Airways,2013,1085413,US
JetBlue Airways,2014,1047908,US
JetBlue Airways,2015,1425228,US
JetBlue Airways,2016,1545120,US
JetBlue Airways,2017,1582654,US
JetBlue Airways,2018,1570148,US
JetBlue Airways,2019,1455318,US
JetBlue Airways,2020,466635,US
JetBlue Airways,2021,1141605,US
JetBlue Airways,2022,1365317,US
JetBlue Airways,2023,1259913,US
KLM Royal Dutch Airlines,1999,98208,Europe
KLM Royal Dutch Airlines,2000,223770,Europe
KLM Royal Dutch Airlines,2001,195502,Europe
KLM Royal Dutch Airlines,2002,169476,Europe
KLM Royal Dutch Airlines,2003,155895,Europe
KLM Royal Dutch Airlines,2004,170972,Europe
KLM Royal Dutch Airlines,2005,201834,Europe
KLM Royal Dutch Airlines,2006,187069,Europe
KLM Royal Dutch Airlines,2007,246588,Europe
KLM Royal Dutch Airlines,2008,248164,Europe
KLM Royal Dutch Airlines,2009,226978,Europe
KLM Royal Dutch Airlines,2010,213168,Europe
KLM Royal Dutch Airlines,2011,220211,Europe
KLM Royal Dutch Airlines,2012,221311,Europe
KLM Royal Dutch Airlines,2013,220187,Europe
KLM Royal Dutch Airlines,2014,223413,Europe
KLM Royal Dutch Airlines,2015,225307,Europe
KLM Royal Dutch Airlines,2016,255962,Europe
KLM Royal Dutch Airlines,2017,281058,Europe
KLM Royal Dutch Airlines,2018,305583,Europe
KLM Royal Dutch Airlines,2019,311490,Europe
KLM Royal Dutch Airlines,2020,51513,Europe
KLM Royal Dutch Airlines,2021,66136,Europe
KLM Royal Dutch Airlines,2022,229045,Europe
KLM Royal Dutch Airlines,2023,169081,Europe
Korean Air Lines,1999,84015,Asia
Korean Air Lines,2000,145435,Asia
Korean Air Lines,2001,126966,Asia
Korean Air Lines,2002,129115,Asia
Korean Air Lines,2003,120845,Asia
Korean Air Lines,2004,131786,Asia
Korean Air Lines,2005,123792,Asia
Korean Air Lines,2006,124833,Asia
Korean Air Lines,2007,107452,Asia
Korean Air Lines,2008,109314,Asia
Korean Air Lines,2009,112157,Asia
Korean Air Lines,2010,126328,Asia
Korean Air Lines,2011,133469,Asia
Korean Air Lines,2012,159075,Asia
Korean Air Lines,2013,156889,Asia
Korean Air Lines,2014,155545,Asia
Korean Air Lines,2015,165784,Asia
Korean Air Lines,2016,220843,Asia
Korean Air Lines,2017,293566,Asia
Korean Air Lines,2018,335937,Asia
Korean Air Lines,2019,334020,Asia
Korean Air Lines,2020,86882,Asia
Korean Air Lines,2021,35532,Asia
Korean Air Lines,2022,120626,Asia
Korean Air Lines,2023,190898,Asia
LAN Peru,2010,36471,South America
LAN Peru,2011,66758,South America
LAN Peru,2012,66453,South America
LAN Peru,2013,65412,South America
LAN Peru,2014,15647,South America
Lufthansa German Airlines,1999,224236,Europe
Lufthansa German Airlines,2000,439928,Europe
Lufthansa German Airlines,2001,372606,Europe
Lufthansa German Airlines,2002,347851,Europe
Lufthansa German Airlines,2003,379972,Europe
Lufthansa German Airlines,2004,413480,Europe
Lufthansa German Airlines,2005,431788,Europe
Lufthansa German Airlines,2006,454006,Europe
Lufthansa German Airlines,2007,434126,Europe
Lufthansa German Airlines,2008,417254,Europe
Lufthansa German Airlines,2009,420712,Europe
Lufthansa German Airlines,2010,407314,Europe
Lufthansa German Airlines,2011,475088,Europe
Lufthansa German Airlines,2012,502614,Europe
Lufthansa German Airlines,2013,499850,Europe
Lufthansa German Airlines,2014,504743,Europe
Lufthansa German Airlines,2015,516122,Europe
Lufthansa German Airlines,2016,510321,Europe
Lufthansa German Airlines,2017,507441,Europe
Lufthansa German Airlines,2018,504214,Europe
Lufthansa German Airlines,2019,493851,Europe
Lufthansa German Airlines,2020,83863,Europe
Lufthansa German Airlines,2021,117236,Europe
Lufthansa German Airlines,2022,350520,Europe
Lufthansa German Airlines,2023,355711,Europe
Mesa Airlines,2002,13133,US
Mesa Airlines,2003,1228,US
Mesa Airlines,2004,24191,US
Mesa Airlines,2005,24774,US
Mesa Airlines,2006,15256,US
Mesa Airlines,2007,23421,US
Mesa Airlines,2009,4587,US
Mesa Airlines,2010,200084,US
Mesa Airlines,2011,94114,US
Mesa Airlines,2014,35129,US
Mesa Airlines,2015,38898,US
Mesa Airlines,2016,46,US
Mesaba Airlines,2009,19971,US
Mesaba Airlines,2010,40917,US
Mesaba Airlines,2011,65160,US
Mexicana Airlines,1999,162585,Mexico
Mexicana Airlines,2000,336218,Mexico
Mexicana Airlines,2001,324194,Mexico
Mexicana Airlines,2002,217853,Mexico
Mexicana Airlines,2003,140338,Mexico
Mexicana Airlines,2004,141830,Mexico
Mexicana Airlines,2005,156623,Mexico
Mexicana Airlines,2006,171971,Mexico
Mexicana Airlines,2007,157078,Mexico
Mexicana Airlines,2008,187816,Mexico
Mexicana Airlines,2009,231659,Mexico
Mexicana Airlines,2010,163134,Mexico
Miami Air International,1999,1697,US
Miami Air International,2000,1138,US
Miami Air International,2004,1616,US
Miami Air International,2005,165,Canada
Miami Air International,2007,397,US
Miami Air International,2008,589,US
Miami Air International,2009,108,US
Miami Air International,2011,430,US
Miami Air International,2015,166,US
Midwest Airlines,1999,32627,US
Midwest Airlines,2000,46493,US
Midwest Airlines,2001,41395,US
Midwest Airlines,2002,43280,US
Midwest Airlines,2003,61998,US
Midwest Airlines,2004,61168,US
Midwest Airlines,2005,59412,US
Midwest Airlines,2006,105036,US
Midwest Airlines,2007,139906,US
Midwest Airlines,2008,97641,US
Midwest Airlines,2009,59829,US
Midwest Airlines,2010,19391,US
National Airlines,1999,114663,US
National Airlines,2000,451208,US
National Airlines,2001,494161,US
National Airlines,2002,378061,US
"Norse Atlantic UK, Ltd.",2023,22985,Europe
North American Airlines,1999,116,US
North American Airlines,2002,147,US
Northwest Airlines (became Delta),1999,919886,US
Northwest Airlines (became Delta),2000,1761740,US
Northwest Airlines (became Delta),2001,1372870,US
Northwest Airlines (became Delta),2002,1212323,Asia
Northwest Airlines (became Delta),2003,1138109,Asia
Northwest Airlines (became Delta),2004,1175252,Asia
Northwest Airlines (became Delta),2005,1324236,Asia
Northwest Airlines (became Delta),2006,1371994,Asia
Northwest Airlines (became Delta),2007,1382272,Asia
Northwest Airlines (became Delta),2008,1391781,US
Northwest Airlines (became Delta),2009,1343705,US
Northwest Airlines (became Delta),2010,84173,US
Norwegian Air Shuttle ASA,2019,19575,Europe
Norwegian Air Shuttle ASA,2020,17996,Europe
Norwegian Air UK Ltd,2019,116319,Europe
Norwegian Air UK Ltd,2020,21860,Europe
Omni Air International,2001,334,US
Omni Air International,2002,11609,US
Omni Air International,2003,381,US
Pacific Aviation,2010,320,Europe
Philippine Airlines,1999,88002,Asia
Philippine Airlines,2000,226809,Asia
Philippine Airlines,2001,246320,Asia
Philippine Airlines,2002,236657,Asia
Philippine Airlines,2003,199409,Asia
Philippine Airlines,2004,244082,Asia
Philippine Airlines,2005,255094,Asia
Philippine Airlines,2006,252895,Asia
Philippine Airlines,2007,272138,Asia
Philippine Airlines,2008,262748,Asia
Philippine Airlines,2009,222871,Asia
Philippine Airlines,2010,256286,Asia
Philippine Airlines,2011,235437,Asia
Philippine Airlines,2012,221987,Asia
Philippine Airlines,2013,232191,Asia
Philippine Airlines,2014,251360,Asia
Philippine Airlines,2015,249995,Asia
Philippine Airlines,2016,269252,Asia
Philippine Airlines,2017,273538,Asia
Philippine Airlines,2018,284339,Asia
Philippine Airlines,2019,307436,Asia
Philippine Airlines,2020,108632,Asia
Philippine Airlines,2021,62299,Asia
Philippine Airlines,2022,227992,Asia
Philippine Airlines,2023,236075,Asia
Qantas Airways,2006,86306,Australia / Oceania
Qantas Airways,2007,140886,Australia / Oceania
Qantas Airways,2008,139097,Australia / Oceania
Qantas Airways,2009,122096,Australia / Oceania
Qantas Airways,2010,102676,Australia / Oceania
Qantas Airways,2011,36839,Australia / Oceania
Qantas Airways,2015,4439,Australia / Oceania
Qantas Airways,2016,168892,Australia / Oceania
Qantas Airways,2017,183611,Australia / Oceania
Qantas Airways,2018,209890,Australia / Oceania
Qantas Airways,2019,271237,Australia / Oceania
Qantas Airways,2020,52959,Australia / Oceania
Qantas Airways,2023,30055,Australia / Oceania
Qatar Airways,2020,2379,Middle East
Qatar Airways,2021,121733,Middle East
Qatar Airways,2022,203910,Middle East
Qatar Airways,2023,199766,Middle East
Reno Air,1999,53249,US
Republic Airlines,2010,58102,US
Republic Airlines,2013,210,US
Republic Airlines,2014,446,US
Republic Airlines,2015,102,US
Ryan International Airlines,1999,209548,Europe
Ryan International Airlines,2000,342983,US
Ryan International Airlines,2001,236133,US
Ryan International Airlines,2002,18613,US
SAS Airlines,2013,100918,Europe
SAS Airlines,2014,140769,Europe
SAS Airlines,2015,149283,Europe
SAS Airlines,2016,152397,Europe
SAS Airlines,2017,146571,Europe
SAS Airlines,2018,151497,Europe
SAS Airlines,2019,147577,Europe
SAS Airlines,2020,28829,Europe
SAS Airlines,2021,23951,Europe
SAS Airlines,2022,123431,Europe
SAS Airlines,2023,133257,Europe
"Samsic Airport America, LLC",2022,56,Mexico
Servisair,2010,382,US
Servisair,2011,1410,US
Servisair,2012,965,US
Servisair,2013,485,US
Singapore Airlines,1999,185540,Asia
Singapore Airlines,2000,385066,Asia
Singapore Airlines,2001,336829,Asia
Singapore Airlines,2002,363849,Asia
Singapore Airlines,2003,298157,Asia
Singapore Airlines,2004,379660,Asia
Singapore Airlines,2005,379415,Asia
Singapore Airlines,2006,394150,Asia
Singapore Airlines,2007,389921,Asia
Singapore Airlines,2008,361343,Asia
Singapore Airlines,2009,311238,Asia
Singapore Airlines,2010,340758,Asia
Singapore Airlines,2011,326415,Asia
Singapore Airlines,2012,354417,Asia
Singapore Airlines,2013,377165,Asia
Singapore Airlines,2014,337689,Asia
Singapore Airlines,2015,331784,Asia
Singapore Airlines,2016,326183,Asia
Singapore Airlines,2017,322811,Asia
Singapore Airlines,2018,322027,Asia
Singapore Airlines,2019,357093,Asia
Singapore Airlines,2020,60717,Asia
Singapore Airlines,2021,34400,Asia
Singapore Airlines,2022,224037,Asia
Singapore Airlines,2023,235095,Asia
SkyWest Airlines,1999,600281,US
SkyWest Airlines,2000,1178002,US
SkyWest Airlines,2001,1045122,US
SkyWest Airlines,2002,1186014,US
SkyWest Airlines,2003,1713972,US
SkyWest Airlines,2004,2083136,US
SkyWest Airlines,2005,2515817,US
SkyWest Airlines,2006,2599284,US
SkyWest Airlines,2007,2568510,US
SkyWest Airlines,2008,2469543,US
SkyWest Airlines,2009,2876924,US
SkyWest Airlines,2010,3227773,US
SkyWest Airlines,2011,3778973,US
SkyWest Airlines,2012,4197434,US
SkyWest Airlines,2013,3963526,US
SkyWest Airlines,2014,3699652,US
SkyWest Airlines,2015,4090207,US
SkyWest Airlines,2016,3992470,US
SkyWest Airlines,2017,3887792,US
SkyWest Airlines,2018,3927778,US
SkyWest Airlines,2019,4166660,US
SkyWest Airlines,2020,2291225,US
SkyWest Airlines,2021,3386516,US
SkyWest Airlines,2022,4032267,US
SkyWest Airlines,2023,3836240,US
Sobelair Airlines,1999,3707,Europe
Southwest Airlines,1999,418846,US
Southwest Airlines,2000,897423,US
Southwest Airlines,2001,121214,US
Southwest Airlines,2007,500926,US
Southwest Airlines,2008,2117364,US
Southwest Airlines,2009,2847732,US
Southwest Airlines,2010,2952175,US
Southwest Airlines,2011,2977799,US
Southwest Airlines,2012,3028246,US
Southwest Airlines,2013,3144575,US
Southwest Airlines,2014,3268483,US
Southwest Airlines,2015,3469646,US
Southwest Airlines,2016,3547984,US
Southwest Airlines,2017,3704789,US
Southwest Airlines,2018,3730470,US
Southwest Airlines,2019,3250038,US
Southwest Airlines,2020,994740,US
Southwest Airlines,2021,1305021,US
Southwest Airlines,2022,1863419,US
Southwest Airlines,2023,1930929,US
Spirit Airlines,2006,41328,US
Spirit Airlines,2007,28777,US
Sports Hawk,2000,200,US
Sports Jet,1999,173,US
Star Air,1999,531,US
Sun Country Airlines,1999,36064,US
Sun Country Airlines,2000,95285,US
Sun Country Airlines,2001,91716,US
Sun Country Airlines,2002,13580,US
Sun Country Airlines,2003,16913,US
Sun Country Airlines,2004,47542,US
Sun Country Airlines,2005,85721,US
Sun Country Airlines,2006,85601,US
Sun Country Airlines,2007,101925,US
Sun Country Airlines,2008,59769,US
Sun Country Airlines,2009,41164,US
Sun Country Airlines,2010,50604,US
Sun Country Airlines,2011,65383,US
Sun Country Airlines,2012,90766,US
Sun Country Airlines,2013,119017,US
Sun Country Airlines,2014,138169,US
Sun Country Airlines,2015,172949,US
Sun Country Airlines,2016,172701,US
Sun Country Airlines,2017,171946,US
Sun Country Airlines,2018,155219,US
Sun Country Airlines,2019,211427,US
Sun Country Airlines,2020,52493,US
Sun Country Airlines,2021,116247,US
Sun Country Airlines,2022,141638,US
Sun Country Airlines,2023,118461,US
Swiss International,2010,75320,Europe
Swiss International,2011,139713,Europe
Swiss International,2012,142319,Europe
Swiss International,2013,148910,Europe
Swiss International,2014,141600,Europe
Swiss International,2015,161769,Europe
Swiss International,2016,170841,Europe
Swiss International,2017,192335,Europe
Swiss International,2018,217066,Europe
Swiss International,2019,214657,Europe
Swiss International,2020,38624,Europe
Swiss International,2021,48743,Europe
Swiss International,2022,153649,Europe
Swiss International,2023,159442,Europe
Swissair,1999,52754,Europe
Swissair,2000,129075,Europe
Swissair,2001,97575,Europe
Swissport USA,2012,443,Europe
Swissport USA,2013,2541,Europe
Swissport USA,2014,895,Central America
Swissport USA,2016,980,Europe
Swissport USA,2017,146,Europe
Swissport USA,2018,98,US
Swissport USA,2020,3041,Asia
Swissport USA,2021,500,US
Swissport USA,2022,41,US
"TACA International Airlines, S.A.",1999,40024,Central America
"TACA International Airlines, S.A.",2000,80156,Central America
"TACA International Airlines, S.A.",2001,85286,Central America
"TACA International Airlines, S.A.",2002,97295,Central America
"TACA International Airlines, S.A.",2003,104193,Central America
"TACA International Airlines, S.A.",2004,115760,Central America
"TACA International Airlines, S.A.",2005,116517,Central America
"TACA International Airlines, S.A.",2006,111255,Central America
"TACA International Airlines, S.A.",2007,129652,Central America
"TACA International Airlines, S.A.",2008,100119,Central America
"TACA International Airlines, S.A.",2009,107171,Central America
"TACA International Airlines, S.A.",2010,114185,Central America
"TACA International Airlines, S.A.",2011,125184,Central America
"TACA International Airlines, S.A.",2012,130780,Central America
"TACA International Airlines, S.A.",2013,129110,Central America
"TACA International Airlines, S.A.",2014,127598,Central America
"TACA International Airlines, S.A.",2015,136492,Central America
"TACA International Airlines, S.A.",2016,131817,Central America
"TACA International Airlines, S.A.",2017,137498,Central America
"TACA International Airlines, S.A.",2018,158900,Central America
"TACA International Airlines, S.A.",2019,180559,Central America
"TACA International Airlines, S.A.",2020,50546,Central America
"TACA International Airlines, S.A.",2021,107413,Central America
"TACA International Airlines, S.A.",2022,168400,Central America
"TACA International Airlines, S.A.",2023,185663,Central America
TAP Air Portugal,2019,68876,Europe
TAP Air Portugal,2020,16966,Europe
TAP Air Portugal,2021,31694,Europe
TAP Air Portugal,2022,77121,Europe
TAP Air Portugal,2023,90248,Europe
TWA,1999,364777,US
TWA,2000,736251,US
TWA,2001,508573,US
Thomas Cook Airlines,2017,26281,Europe
Thomas Cook Airlines,2018,36665,Europe
Thomas Cook Airlines,2019,31750,Europe
Tower Air,1999,87551,US
Tower Air,2000,12900,US
Tradewinds Airlines,2000,666,Central America
Trans States Airlines,1999,36159,US
Trego Dugan Aviation,2017,412,US
Turkish Airlines,2015,145305,Europe
Turkish Airlines,2016,201247,Europe
Turkish Airlines,2017,208356,Europe
Turkish Airlines,2018,230605,Europe
Turkish Airlines,2019,231731,Europe
Turkish Airlines,2020,89831,Europe
Turkish Airlines,2021,165032,Europe
Turkish Airlines,2022,290436,Europe
Turkish Airlines,2023,314863,Europe
US Airways,1999,940116,US
US Airways,2000,1971281,US
US Airways,2001,1801520,US
US Airways,2002,1742668,US
US Airways,2003,1662315,US
US Airways,2004,1956923,US
US Airways,2005,1745804,US
US Airways,2006,1680037,US
US Airways,2007,1708226,US
US Airways,2008,1704129,US
US Airways,2009,1633495,US
US Airways,2010,1363251,US
US Airways,2011,1573155,US
US Airways,2012,1543728,US
US Airways,2013,1618865,US
US Airways,2014,1723574,US
US Airways,2015,1402480,US
United Airlines,1999,724437,US
United Airlines,2000,1329604,US
United Airlines,2001,1016574,US
United Airlines,2002,936327,US
United Airlines,2003,1033561,US
United Airlines,2004,1133810,US
United Airlines,2005,1178125,US
United Airlines,2006,1259048,US
United Airlines,2007,1337727,US
United Airlines,2008,1342133,US
United Airlines,2009,1428919,US
United Airlines,2010,1493794,US
United Airlines,2011,1742295,US
United Airlines,2012,3531293,US
United Airlines,2013,11820404,US
United Airlines,2014,18055781,US
United Airlines,2015,18203168,US
United Airlines,2016,19430014,US
United Airlines,2017,21707841,US
United Airlines,2018,22428953,US
United Airlines,2019,22528891,US
United Airlines,2020,6180223,US
United Airlines,2021,9312694,US
United Airlines,2022,17630315,US
United Airlines,2023,19120048,US
United Airlines - Pre 07/01/2013,1999,10270959,US
United Airlines - Pre 07/01/2013,2000,19113467,US
United Airlines - Pre 07/01/2013,2001,16551294,US
United Airlines - Pre 07/01/2013,2002,14675034,US
United Airlines - Pre 07/01/2013,2003,12919238,US
United Airlines - Pre 07/01/2013,2004,14100050,US
United Airlines - Pre 07/01/2013,2005,13653411,US
United Airlines - Pre 07/01/2013,2006,13909631,US
United Airlines - Pre 07/01/2013,2007,14189002,US
United Airlines - Pre 07/01/2013,2008,13324898,US
United Airlines - Pre 07/01/2013,2009,12333843,US
United Airlines - Pre 07/01/2013,2010,12898951,US
United Airlines - Pre 07/01/2013,2011,13056723,US
United Airlines - Pre 07/01/2013,2012,13277916,US
United Airlines - Pre 07/01/2013,2013,5346119,US
Vanguard Airlines,2001,48006,US
Vanguard Airlines,2002,51120,US
Vietnam Airlines JSC,2021,1359,Asia
Vietnam Airlines JSC,2022,71156,Asia
Vietnam Airlines JSC,2023,81473,Asia
Virgin America,2007,292016,US
Virgin America,2008,1804016,US
Virgin America,2009,2363672,US
Virgin America,2010,2437935,US
Virgin America,2011,3116248,US
Virgin America,2012,3918789,Mexico
Virgin America,2013,3815448,Mexico
Virgin America,2014,3976013,Mexico
Virgin America,2015,4164013,US
Virgin America,2016,4903619,Mexico
Virgin America,2017,5263650,Mexico
Virgin America,2018,1788501,Mexico
Virgin Atlantic,1999,130691,Europe
Virgin Atlantic,2000,306693,Europe
Virgin Atlantic,2001,276331,Europe
Virgin Atlantic,2002,241747,Europe
Virgin Atlantic,2003,234180,Europe
Virgin Atlantic,2004,234311,Europe
Virgin Atlantic,2005,233956,Europe
Virgin Atlantic,2006,233835,Europe
Virgin Atlantic,2007,234386,Europe
Virgin Atlantic,2008,215665,Europe
Virgin Atlantic,2009,212515,Europe
Virgin Atlantic,2010,216356,Europe
Virgin Atlantic,2011,215512,Europe
Virgin Atlantic,2012,259141,Europe
Virgin Atlantic,2013,235813,Europe
Virgin Atlantic,2014,237533,Europe
Virgin Atlantic,2015,300157,Europe
Virgin Atlantic,2016,282199,Europe
Virgin Atlantic,2017,291259,Europe
Virgin Atlantic,2018,312034,Europe
Virgin Atlantic,2019,289573,Europe
Virgin Atlantic,2020,39351,Europe
Virgin Atlantic,2021,12783,Europe
Virgin Atlantic,2022,204756,Europe
Virgin Atlantic,2023,265515,Europe
Volaris Airlines,2016,58207,Mexico
Volaris Airlines,2017,104340,Mexico
Volaris Airlines,2018,67298,Mexico
Volaris Airlines,2019,3726,Mexico
WOW Air,2016,82969,Europe
WOW Air,2017,150340,Europe
WOW Air,2018,126500,Europe
WestJet Airlines,2004,5516,Canada
WestJet Airlines,2005,37659,Canada
WestJet Airlines,2006,1029,Canada
WestJet Airlines,2009,15412,Canada
WestJet Airlines,2010,77062,Canada
WestJet Airlines,2011,86150,Canada
WestJet Airlines,2012,90008,Canada
WestJet Airlines,2013,85851,Canada
WestJet Airlines,2014,87970,Canada
WestJet Airlines,2015,85359,Canada
WestJet Airlines,2016,83956,Canada
WestJet Airlines,2017,120756,Canada
WestJet Airlines,2018,123866,Canada
WestJet Airlines,2019,146250,Canada
WestJet Airlines,2021,18174,Canada
WestJet Airlines,2022,139123,Canada
WestJet Airlines,2023,191550,Canada
World Airways,2004,109,Europe
World Airways,2005,165,US
World Airways,2009,514,Europe
World Airways,2012,271,US
XL Airways France,2012,15581,Europe
XL Airways France,2013,14907,Europe
XL Airways France,2014,17529,Europe
XL Airways France,2015,20901,Europe
XL Airways France,2016,24034,Europe
XL Airways France,2017,23962,Europe
XL Airways France,2018,21212,Europe
XL Airways France,2019,22387,Europe
Xtra Airways,2006,146,US
ZIPAIR Tokyo Inc,2023,60463,Asia
